device_id,timestamp,current,active_power,reactive_power,ts_id,device_type,device_location,device_brand,device_category,description,synthetic
38a810ebdd0b91253efbaf708316ec74cb659ccc6bfdd915df06a4ab2b31f877,2022-04-20 11:53:44,0.0292,0.66,7.37,112565,monitor,GB,gigabyte,office,34 inch gaming monitor,0
38a810ebdd0b91253efbaf708316ec74cb659ccc6bfdd915df06a4ab2b31f877,2022-04-20 11:53:45,0.0292,0.66,7.37,112565,monitor,GB,gigabyte,office,34 inch gaming monitor,0
38a810ebdd0b91253efbaf708316ec74cb659ccc6bfdd915df06a4ab2b31f877,2022-04-20 11:53:46,0.0292,0.66,7.37,112565,monitor,GB,gigabyte,office,34 inch gaming monitor,0
38a810ebdd0b91253efbaf708316ec74cb659ccc6bfdd915df06a4ab2b31f877,2022-04-20 11:53:47,0.0292,0.66,7.37,112565,monitor,GB,gigabyte,office,34 inch gaming monitor,0
38a810ebdd0b91253efbaf708316ec74cb659ccc6bfdd915df06a4ab2b31f877,2022-04-20 11:53:48,0.0292,0.66,7.37,112565,monitor,GB,gigabyte,office,34 inch gaming monitor,0
38a810ebdd0b91253efbaf708316ec74cb659ccc6bfdd915df06a4ab2b31f877,2022-04-20 11:53:49,0.0292,0.66,7.37,112565,monitor,GB,gigabyte,office,34 inch gaming monitor,0
38a810ebdd0b91253efbaf708316ec74cb659ccc6bfdd915df06a4ab2b31f877,2022-04-20 11:53:50,0.0292,0.66,7.37,112565,monitor,GB,gigabyte,office,34 inch gaming monitor,0
38a810ebdd0b91253efbaf708316ec74cb659ccc6bfdd915df06a4ab2b31f877,2022-04-20 11:53:51,0.0292,0.66,7.37,112565,monitor,GB,gigabyte,office,34 inch gaming monitor,0
38a810ebdd0b91253efbaf708316ec74cb659ccc6bfdd915df06a4ab2b31f877,2022-04-20 11:53:52,0.0292,0.66,7.37,112565,monitor,GB,gigabyte,office,34 inch gaming monitor,0
38a810ebdd0b91253efbaf708316ec74cb659ccc6bfdd915df06a4ab2b31f877,2022-04-20 11:53:53,0.0449,2.94,7.34,112565,monitor,GB,gigabyte,office,34 inch gaming monitor,0
38a810ebdd0b91253efbaf708316ec74cb659ccc6bfdd915df06a4ab2b31f877,2022-04-20 11:53:54,0.0524,4.19,7.3,112565,monitor,GB,gigabyte,office,34 inch gaming monitor,0
38a810ebdd0b91253efbaf708316ec74cb659ccc6bfdd915df06a4ab2b31f877,2022-04-20 11:53:55,0.0486,3.69,7.34,112565,monitor,GB,gigabyte,office,34 inch gaming monitor,0
38a810ebdd0b91253efbaf708316ec74cb659ccc6bfdd915df06a4ab2b31f877,2022-04-20 11:53:56,0.0486,3.69,7.34,112565,monitor,GB,gigabyte,office,34 inch gaming monitor,0
38a810ebdd0b91253efbaf708316ec74cb659ccc6bfdd915df06a4ab2b31f877,2022-04-20 11:53:57,0.1415,14.23,8.02,112565,monitor,GB,gigabyte,office,34 inch gaming monitor,0
38a810ebdd0b91253efbaf708316ec74cb659ccc6bfdd915df06a4ab2b31f877,2022-04-20 11:53:58,0.2779,36.41,10.05,112565,monitor,GB,gigabyte,office,34 inch gaming monitor,0
38a810ebdd0b91253efbaf708316ec74cb659ccc6bfdd915df06a4ab2b31f877,2022-04-20 11:53:59,0.2756,36.09,10.02,112565,monitor,GB,gigabyte,office,34 inch gaming monitor,0
38a810ebdd0b91253efbaf708316ec74cb659ccc6bfdd915df06a4ab2b31f877,2022-04-20 11:54:00,0.2786,36.42,10.05,112565,monitor,GB,gigabyte,office,34 inch gaming monitor,0
38a810ebdd0b91253efbaf708316ec74cb659ccc6bfdd915df06a4ab2b31f877,2022-04-20 11:54:01,0.2786,36.42,10.05,112565,monitor,GB,gigabyte,office,34 inch gaming monitor,0
38a810ebdd0b91253efbaf708316ec74cb659ccc6bfdd915df06a4ab2b31f877,2022-04-20 11:54:02,0.2786,36.39,10.09,112565,monitor,GB,gigabyte,office,34 inch gaming monitor,0
38a810ebdd0b91253efbaf708316ec74cb659ccc6bfdd915df06a4ab2b31f877,2022-04-20 11:54:03,0.2801,36.45,10.13,112565,monitor,GB,gigabyte,office,34 inch gaming monitor,0
38a810ebdd0b91253efbaf708316ec74cb659ccc6bfdd915df06a4ab2b31f877,2022-04-20 11:54:04,0.2786,36.39,10.09,112565,monitor,GB,gigabyte,office,34 inch gaming monitor,0
38a810ebdd0b91253efbaf708316ec74cb659ccc6bfdd915df06a4ab2b31f877,2022-04-20 11:54:05,0.2809,36.45,10.12,112565,monitor,GB,gigabyte,office,34 inch gaming monitor,0
38a810ebdd0b91253efbaf708316ec74cb659ccc6bfdd915df06a4ab2b31f877,2022-04-20 11:54:06,0.2816,36.49,10.16,112565,monitor,GB,gigabyte,office,34 inch gaming monitor,0
38a810ebdd0b91253efbaf708316ec74cb659ccc6bfdd915df06a4ab2b31f877,2022-04-20 11:54:07,0.2809,36.52,10.15,112565,monitor,GB,gigabyte,office,34 inch gaming monitor,0
38a810ebdd0b91253efbaf708316ec74cb659ccc6bfdd915df06a4ab2b31f877,2022-04-20 11:54:08,0.2809,36.52,10.15,112565,monitor,GB,gigabyte,office,34 inch gaming monitor,0
38a810ebdd0b91253efbaf708316ec74cb659ccc6bfdd915df06a4ab2b31f877,2022-04-20 11:54:09,0.2816,36.52,10.19,112565,monitor,GB,gigabyte,office,34 inch gaming monitor,0
38a810ebdd0b91253efbaf708316ec74cb659ccc6bfdd915df06a4ab2b31f877,2022-04-20 11:54:10,0.2816,36.52,10.19,112565,monitor,GB,gigabyte,office,34 inch gaming monitor,0
38a810ebdd0b91253efbaf708316ec74cb659ccc6bfdd915df06a4ab2b31f877,2022-04-20 11:54:11,0.2816,36.52,10.19,112565,monitor,GB,gigabyte,office,34 inch gaming monitor,0
38a810ebdd0b91253efbaf708316ec74cb659ccc6bfdd915df06a4ab2b31f877,2022-04-20 11:54:12,0.2816,36.52,10.19,112565,monitor,GB,gigabyte,office,34 inch gaming monitor,0
38a810ebdd0b91253efbaf708316ec74cb659ccc6bfdd915df06a4ab2b31f877,2022-04-20 11:54:13,0.2816,36.52,10.19,112565,monitor,GB,gigabyte,office,34 inch gaming monitor,0
a109dbd832801329f8409bee2845024ad4cea9f033fa5c2bd177c6fd3e786587,2022-11-21 06:22:23,0.0292,0.64,7.33,112566,laptop,GB,lenovo,office,thinkpad,0
a109dbd832801329f8409bee2845024ad4cea9f033fa5c2bd177c6fd3e786587,2022-11-21 06:22:24,0.0292,0.64,7.33,112566,laptop,GB,lenovo,office,thinkpad,0
a109dbd832801329f8409bee2845024ad4cea9f033fa5c2bd177c6fd3e786587,2022-11-21 06:22:25,0.0292,0.64,7.33,112566,laptop,GB,lenovo,office,thinkpad,0
a109dbd832801329f8409bee2845024ad4cea9f033fa5c2bd177c6fd3e786587,2022-11-21 06:22:26,0.0292,0.64,7.33,112566,laptop,GB,lenovo,office,thinkpad,0
a109dbd832801329f8409bee2845024ad4cea9f033fa5c2bd177c6fd3e786587,2022-11-21 06:22:27,0.0292,0.64,7.33,112566,laptop,GB,lenovo,office,thinkpad,0
a109dbd832801329f8409bee2845024ad4cea9f033fa5c2bd177c6fd3e786587,2022-11-21 06:22:28,0.0292,0.64,7.33,112566,laptop,GB,lenovo,office,thinkpad,0
a109dbd832801329f8409bee2845024ad4cea9f033fa5c2bd177c6fd3e786587,2022-11-21 06:22:29,0.0292,0.64,7.33,112566,laptop,GB,lenovo,office,thinkpad,0
a109dbd832801329f8409bee2845024ad4cea9f033fa5c2bd177c6fd3e786587,2022-11-21 06:22:30,0.0292,0.64,7.33,112566,laptop,GB,lenovo,office,thinkpad,0
a109dbd832801329f8409bee2845024ad4cea9f033fa5c2bd177c6fd3e786587,2022-11-21 06:22:31,0.0292,0.64,7.33,112566,laptop,GB,lenovo,office,thinkpad,0
a109dbd832801329f8409bee2845024ad4cea9f033fa5c2bd177c6fd3e786587,2022-11-21 06:22:32,0.0292,0.64,7.33,112566,laptop,GB,lenovo,office,thinkpad,0
a109dbd832801329f8409bee2845024ad4cea9f033fa5c2bd177c6fd3e786587,2022-11-21 06:22:33,0.0292,0.64,7.33,112566,laptop,GB,lenovo,office,thinkpad,0
a109dbd832801329f8409bee2845024ad4cea9f033fa5c2bd177c6fd3e786587,2022-11-21 06:22:34,0.0292,0.64,7.33,112566,laptop,GB,lenovo,office,thinkpad,0
a109dbd832801329f8409bee2845024ad4cea9f033fa5c2bd177c6fd3e786587,2022-11-21 06:22:35,0.0292,0.64,7.33,112566,laptop,GB,lenovo,office,thinkpad,0
a109dbd832801329f8409bee2845024ad4cea9f033fa5c2bd177c6fd3e786587,2022-11-21 06:22:36,0.0292,0.64,7.33,112566,laptop,GB,lenovo,office,thinkpad,0
a109dbd832801329f8409bee2845024ad4cea9f033fa5c2bd177c6fd3e786587,2022-11-21 06:22:37,0.0292,0.64,7.33,112566,laptop,GB,lenovo,office,thinkpad,0
a109dbd832801329f8409bee2845024ad4cea9f033fa5c2bd177c6fd3e786587,2022-11-21 06:22:38,0.0292,0.64,7.33,112566,laptop,GB,lenovo,office,thinkpad,0
a109dbd832801329f8409bee2845024ad4cea9f033fa5c2bd177c6fd3e786587,2022-11-21 06:22:39,0.0292,0.64,7.33,112566,laptop,GB,lenovo,office,thinkpad,0
a109dbd832801329f8409bee2845024ad4cea9f033fa5c2bd177c6fd3e786587,2022-11-21 06:22:40,0.0292,0.64,7.33,112566,laptop,GB,lenovo,office,thinkpad,0
a109dbd832801329f8409bee2845024ad4cea9f033fa5c2bd177c6fd3e786587,2022-11-21 06:22:41,0.0292,0.64,7.33,112566,laptop,GB,lenovo,office,thinkpad,0
a109dbd832801329f8409bee2845024ad4cea9f033fa5c2bd177c6fd3e786587,2022-11-21 06:22:42,0.0292,0.64,7.33,112566,laptop,GB,lenovo,office,thinkpad,0
a109dbd832801329f8409bee2845024ad4cea9f033fa5c2bd177c6fd3e786587,2022-11-21 06:22:43,0.0292,0.64,7.33,112566,laptop,GB,lenovo,office,thinkpad,0
a109dbd832801329f8409bee2845024ad4cea9f033fa5c2bd177c6fd3e786587,2022-11-21 06:22:44,0.0292,0.64,7.33,112566,laptop,GB,lenovo,office,thinkpad,0
a109dbd832801329f8409bee2845024ad4cea9f033fa5c2bd177c6fd3e786587,2022-11-21 06:22:45,0.0292,0.64,7.33,112566,laptop,GB,lenovo,office,thinkpad,0
a109dbd832801329f8409bee2845024ad4cea9f033fa5c2bd177c6fd3e786587,2022-11-21 06:22:46,0.0292,0.64,7.33,112566,laptop,GB,lenovo,office,thinkpad,0
a109dbd832801329f8409bee2845024ad4cea9f033fa5c2bd177c6fd3e786587,2022-11-21 06:22:47,0.0292,0.64,7.33,112566,laptop,GB,lenovo,office,thinkpad,0
a109dbd832801329f8409bee2845024ad4cea9f033fa5c2bd177c6fd3e786587,2022-11-21 06:22:48,0.0292,0.64,7.33,112566,laptop,GB,lenovo,office,thinkpad,0
a109dbd832801329f8409bee2845024ad4cea9f033fa5c2bd177c6fd3e786587,2022-11-21 06:22:49,0.0292,0.64,7.33,112566,laptop,GB,lenovo,office,thinkpad,0
a109dbd832801329f8409bee2845024ad4cea9f033fa5c2bd177c6fd3e786587,2022-11-21 06:22:50,0.0292,0.64,7.33,112566,laptop,GB,lenovo,office,thinkpad,0
a109dbd832801329f8409bee2845024ad4cea9f033fa5c2bd177c6fd3e786587,2022-11-21 06:22:51,0.0292,0.64,7.33,112566,laptop,GB,lenovo,office,thinkpad,0
a109dbd832801329f8409bee2845024ad4cea9f033fa5c2bd177c6fd3e786587,2022-11-21 06:22:52,0.0292,0.64,7.33,112566,laptop,GB,lenovo,office,thinkpad,0
d925f6ff025abf68632870de29e1b4f9f931c6a63e9387b617a1fa4437afe52d,2022-09-14 15:44:13,0.0299,0.65,7.54,112567,freezer,GB,prodis,kitchen,arctic AR5500W,0
d925f6ff025abf68632870de29e1b4f9f931c6a63e9387b617a1fa4437afe52d,2022-09-14 15:44:14,0.0299,0.65,7.54,112567,freezer,GB,prodis,kitchen,arctic AR5500W,0
d925f6ff025abf68632870de29e1b4f9f931c6a63e9387b617a1fa4437afe52d,2022-09-14 15:44:15,0.0299,0.65,7.54,112567,freezer,GB,prodis,kitchen,arctic AR5500W,0
d925f6ff025abf68632870de29e1b4f9f931c6a63e9387b617a1fa4437afe52d,2022-09-14 15:44:16,0.0299,0.65,7.54,112567,freezer,GB,prodis,kitchen,arctic AR5500W,0
d925f6ff025abf68632870de29e1b4f9f931c6a63e9387b617a1fa4437afe52d,2022-09-14 15:44:17,0.0299,0.65,7.54,112567,freezer,GB,prodis,kitchen,arctic AR5500W,0
d925f6ff025abf68632870de29e1b4f9f931c6a63e9387b617a1fa4437afe52d,2022-09-14 15:44:18,0.0299,0.65,7.54,112567,freezer,GB,prodis,kitchen,arctic AR5500W,0
d925f6ff025abf68632870de29e1b4f9f931c6a63e9387b617a1fa4437afe52d,2022-09-14 15:44:19,0.0299,0.65,7.54,112567,freezer,GB,prodis,kitchen,arctic AR5500W,0
d925f6ff025abf68632870de29e1b4f9f931c6a63e9387b617a1fa4437afe52d,2022-09-14 15:44:20,0.0299,0.65,7.54,112567,freezer,GB,prodis,kitchen,arctic AR5500W,0
d925f6ff025abf68632870de29e1b4f9f931c6a63e9387b617a1fa4437afe52d,2022-09-14 15:44:21,0.0299,0.65,7.54,112567,freezer,GB,prodis,kitchen,arctic AR5500W,0
d925f6ff025abf68632870de29e1b4f9f931c6a63e9387b617a1fa4437afe52d,2022-09-14 15:44:22,0.0299,0.65,7.54,112567,freezer,GB,prodis,kitchen,arctic AR5500W,0
d925f6ff025abf68632870de29e1b4f9f931c6a63e9387b617a1fa4437afe52d,2022-09-14 15:44:23,0.0524,4.22,7.34,112567,freezer,GB,prodis,kitchen,arctic AR5500W,0
d925f6ff025abf68632870de29e1b4f9f931c6a63e9387b617a1fa4437afe52d,2022-09-14 15:44:24,0.0494,3.72,7.32,112567,freezer,GB,prodis,kitchen,arctic AR5500W,0
d925f6ff025abf68632870de29e1b4f9f931c6a63e9387b617a1fa4437afe52d,2022-09-14 15:44:25,0.0531,4.21,7.34,112567,freezer,GB,prodis,kitchen,arctic AR5500W,0
d925f6ff025abf68632870de29e1b4f9f931c6a63e9387b617a1fa4437afe52d,2022-09-14 15:44:26,0.0809,7.89,7.27,112567,freezer,GB,prodis,kitchen,arctic AR5500W,0
d925f6ff025abf68632870de29e1b4f9f931c6a63e9387b617a1fa4437afe52d,2022-09-14 15:44:27,0.0809,7.89,7.27,112567,freezer,GB,prodis,kitchen,arctic AR5500W,0
d925f6ff025abf68632870de29e1b4f9f931c6a63e9387b617a1fa4437afe52d,2022-09-14 15:44:28,0.2786,37.22,9.58,112567,freezer,GB,prodis,kitchen,arctic AR5500W,0
d925f6ff025abf68632870de29e1b4f9f931c6a63e9387b617a1fa4437afe52d,2022-09-14 15:44:29,0.2779,37.03,9.51,112567,freezer,GB,prodis,kitchen,arctic AR5500W,0
d925f6ff025abf68632870de29e1b4f9f931c6a63e9387b617a1fa4437afe52d,2022-09-14 15:44:30,0.2801,37.33,9.56,112567,freezer,GB,prodis,kitchen,arctic AR5500W,0
d925f6ff025abf68632870de29e1b4f9f931c6a63e9387b617a1fa4437afe52d,2022-09-14 15:44:31,0.2809,37.35,9.56,112567,freezer,GB,prodis,kitchen,arctic AR5500W,0
d925f6ff025abf68632870de29e1b4f9f931c6a63e9387b617a1fa4437afe52d,2022-09-14 15:44:32,0.2809,37.35,9.56,112567,freezer,GB,prodis,kitchen,arctic AR5500W,0
d925f6ff025abf68632870de29e1b4f9f931c6a63e9387b617a1fa4437afe52d,2022-09-14 15:44:33,0.2824,37.53,9.57,112567,freezer,GB,prodis,kitchen,arctic AR5500W,0
d925f6ff025abf68632870de29e1b4f9f931c6a63e9387b617a1fa4437afe52d,2022-09-14 15:44:34,0.2824,37.56,9.61,112567,freezer,GB,prodis,kitchen,arctic AR5500W,0
d925f6ff025abf68632870de29e1b4f9f931c6a63e9387b617a1fa4437afe52d,2022-09-14 15:44:35,0.2816,37.47,9.58,112567,freezer,GB,prodis,kitchen,arctic AR5500W,0
d925f6ff025abf68632870de29e1b4f9f931c6a63e9387b617a1fa4437afe52d,2022-09-14 15:44:36,0.2816,37.54,9.61,112567,freezer,GB,prodis,kitchen,arctic AR5500W,0
d925f6ff025abf68632870de29e1b4f9f931c6a63e9387b617a1fa4437afe52d,2022-09-14 15:44:37,0.2839,37.74,9.61,112567,freezer,GB,prodis,kitchen,arctic AR5500W,0
d925f6ff025abf68632870de29e1b4f9f931c6a63e9387b617a1fa4437afe52d,2022-09-14 15:44:38,0.2831,37.68,9.63,112567,freezer,GB,prodis,kitchen,arctic AR5500W,0
d925f6ff025abf68632870de29e1b4f9f931c6a63e9387b617a1fa4437afe52d,2022-09-14 15:44:39,0.2831,37.68,9.63,112567,freezer,GB,prodis,kitchen,arctic AR5500W,0
d925f6ff025abf68632870de29e1b4f9f931c6a63e9387b617a1fa4437afe52d,2022-09-14 15:44:40,0.2831,37.68,9.63,112567,freezer,GB,prodis,kitchen,arctic AR5500W,0
d925f6ff025abf68632870de29e1b4f9f931c6a63e9387b617a1fa4437afe52d,2022-09-14 15:44:41,0.2861,38.02,9.66,112567,freezer,GB,prodis,kitchen,arctic AR5500W,0
d925f6ff025abf68632870de29e1b4f9f931c6a63e9387b617a1fa4437afe52d,2022-09-14 15:44:42,0.2869,38.06,9.76,112567,freezer,GB,prodis,kitchen,arctic AR5500W,0
cac6f86d50f079967a3936d6daeed3763d6f4debcb3e959ae695de1ee38cba51,2022-02-22 12:02:01,0.0299,0.71,7.56,112568,monitor,GB,gigabyte,office,34 inch gaming monitor,1
cac6f86d50f079967a3936d6daeed3763d6f4debcb3e959ae695de1ee38cba51,2022-02-22 12:02:02,0.0494,3.73,7.48,112568,monitor,GB,gigabyte,office,34 inch gaming monitor,1
cac6f86d50f079967a3936d6daeed3763d6f4debcb3e959ae695de1ee38cba51,2022-02-22 12:02:03,0.0486,3.73,7.42,112568,monitor,GB,gigabyte,office,34 inch gaming monitor,1
cac6f86d50f079967a3936d6daeed3763d6f4debcb3e959ae695de1ee38cba51,2022-02-22 12:02:04,0.0516,4.22,7.4,112568,monitor,GB,gigabyte,office,34 inch gaming monitor,1
cac6f86d50f079967a3936d6daeed3763d6f4debcb3e959ae695de1ee38cba51,2022-02-22 12:02:05,0.0816,8.17,7.44,112568,monitor,GB,gigabyte,office,34 inch gaming monitor,1
cac6f86d50f079967a3936d6daeed3763d6f4debcb3e959ae695de1ee38cba51,2022-02-22 12:02:06,0.2839,37.22,9.27,112568,monitor,GB,gigabyte,office,34 inch gaming monitor,1
cac6f86d50f079967a3936d6daeed3763d6f4debcb3e959ae695de1ee38cba51,2022-02-22 12:02:07,0.2824,37.01,9.32,112568,monitor,GB,gigabyte,office,34 inch gaming monitor,1
cac6f86d50f079967a3936d6daeed3763d6f4debcb3e959ae695de1ee38cba51,2022-02-22 12:02:08,0.2846,37.33,9.28,112568,monitor,GB,gigabyte,office,34 inch gaming monitor,1
cac6f86d50f079967a3936d6daeed3763d6f4debcb3e959ae695de1ee38cba51,2022-02-22 12:02:09,0.2846,37.33,9.28,112568,monitor,GB,gigabyte,office,34 inch gaming monitor,1
cac6f86d50f079967a3936d6daeed3763d6f4debcb3e959ae695de1ee38cba51,2022-02-22 12:02:10,0.2861,37.58,9.29,112568,monitor,GB,gigabyte,office,34 inch gaming monitor,1
cac6f86d50f079967a3936d6daeed3763d6f4debcb3e959ae695de1ee38cba51,2022-02-22 12:02:11,0.2869,37.42,9.32,112568,monitor,GB,gigabyte,office,34 inch gaming monitor,1
cac6f86d50f079967a3936d6daeed3763d6f4debcb3e959ae695de1ee38cba51,2022-02-22 12:02:12,0.2846,37.38,9.33,112568,monitor,GB,gigabyte,office,34 inch gaming monitor,1
cac6f86d50f079967a3936d6daeed3763d6f4debcb3e959ae695de1ee38cba51,2022-02-22 12:02:13,0.0906,9.29,7.51,112568,monitor,GB,gigabyte,office,34 inch gaming monitor,1
cac6f86d50f079967a3936d6daeed3763d6f4debcb3e959ae695de1ee38cba51,2022-02-22 12:02:14,0.0906,9.29,7.51,112568,monitor,GB,gigabyte,office,34 inch gaming monitor,1
cac6f86d50f079967a3936d6daeed3763d6f4debcb3e959ae695de1ee38cba51,2022-02-22 12:02:15,0.2719,34.3,9.1,112568,monitor,GB,gigabyte,office,34 inch gaming monitor,1
cac6f86d50f079967a3936d6daeed3763d6f4debcb3e959ae695de1ee38cba51,2022-02-22 12:02:16,0.2854,37.46,9.28,112568,monitor,GB,gigabyte,office,34 inch gaming monitor,1
cac6f86d50f079967a3936d6daeed3763d6f4debcb3e959ae695de1ee38cba51,2022-02-22 12:02:17,0.1123,11.32,7.59,112568,monitor,GB,gigabyte,office,34 inch gaming monitor,1
cac6f86d50f079967a3936d6daeed3763d6f4debcb3e959ae695de1ee38cba51,2022-02-22 12:02:18,0.1123,11.32,7.59,112568,monitor,GB,gigabyte,office,34 inch gaming monitor,1
cac6f86d50f079967a3936d6daeed3763d6f4debcb3e959ae695de1ee38cba51,2022-02-22 12:02:19,0.1123,11.32,7.59,112568,monitor,GB,gigabyte,office,34 inch gaming monitor,1
cac6f86d50f079967a3936d6daeed3763d6f4debcb3e959ae695de1ee38cba51,2022-02-22 12:02:20,0.2861,37.57,9.37,112568,monitor,GB,gigabyte,office,34 inch gaming monitor,1
cac6f86d50f079967a3936d6daeed3763d6f4debcb3e959ae695de1ee38cba51,2022-02-22 12:02:21,0.2884,37.79,9.38,112568,monitor,GB,gigabyte,office,34 inch gaming monitor,1
cac6f86d50f079967a3936d6daeed3763d6f4debcb3e959ae695de1ee38cba51,2022-02-22 12:02:22,0.2884,37.63,9.4,112568,monitor,GB,gigabyte,office,34 inch gaming monitor,1
cac6f86d50f079967a3936d6daeed3763d6f4debcb3e959ae695de1ee38cba51,2022-02-22 12:02:23,0.2884,37.63,9.4,112568,monitor,GB,gigabyte,office,34 inch gaming monitor,1
cac6f86d50f079967a3936d6daeed3763d6f4debcb3e959ae695de1ee38cba51,2022-02-22 12:02:24,0.2899,37.79,9.39,112568,monitor,GB,gigabyte,office,34 inch gaming monitor,1
cac6f86d50f079967a3936d6daeed3763d6f4debcb3e959ae695de1ee38cba51,2022-02-22 12:02:25,0.2899,37.78,9.44,112568,monitor,GB,gigabyte,office,34 inch gaming monitor,1
cac6f86d50f079967a3936d6daeed3763d6f4debcb3e959ae695de1ee38cba51,2022-02-22 12:02:26,0.2914,38.0,9.42,112568,monitor,GB,gigabyte,office,34 inch gaming monitor,1
cac6f86d50f079967a3936d6daeed3763d6f4debcb3e959ae695de1ee38cba51,2022-02-22 12:02:27,0.2914,38.0,9.42,112568,monitor,GB,gigabyte,office,34 inch gaming monitor,1
cac6f86d50f079967a3936d6daeed3763d6f4debcb3e959ae695de1ee38cba51,2022-02-22 12:02:28,0.2929,37.73,9.44,112568,monitor,GB,gigabyte,office,34 inch gaming monitor,1
cac6f86d50f079967a3936d6daeed3763d6f4debcb3e959ae695de1ee38cba51,2022-02-22 12:02:29,0.2936,37.95,9.4,112568,monitor,GB,gigabyte,office,34 inch gaming monitor,1
cac6f86d50f079967a3936d6daeed3763d6f4debcb3e959ae695de1ee38cba51,2022-02-22 12:02:30,0.2921,38.0,9.39,112568,monitor,GB,gigabyte,office,34 inch gaming monitor,1
805e745d0555c515db649dd75864ef191eae85263986874e0f31babae002ee55,2022-09-23 07:35:23,0.0059,0.0,-0.04,112569,lamp,GB,Philips,office,filament,0
805e745d0555c515db649dd75864ef191eae85263986874e0f31babae002ee55,2022-09-23 07:35:24,0.0059,0.0,-0.04,112569,lamp,GB,Philips,office,filament,0
805e745d0555c515db649dd75864ef191eae85263986874e0f31babae002ee55,2022-09-23 07:35:25,0.0059,0.0,-0.04,112569,lamp,GB,Philips,office,filament,0
805e745d0555c515db649dd75864ef191eae85263986874e0f31babae002ee55,2022-09-23 07:35:26,0.0059,0.0,-0.04,112569,lamp,GB,Philips,office,filament,0
805e745d0555c515db649dd75864ef191eae85263986874e0f31babae002ee55,2022-09-23 07:35:27,0.0059,0.0,-0.04,112569,lamp,GB,Philips,office,filament,0
805e745d0555c515db649dd75864ef191eae85263986874e0f31babae002ee55,2022-09-23 07:35:28,0.0059,0.0,-0.04,112569,lamp,GB,Philips,office,filament,0
805e745d0555c515db649dd75864ef191eae85263986874e0f31babae002ee55,2022-09-23 07:35:29,0.0059,0.0,-0.04,112569,lamp,GB,Philips,office,filament,0
805e745d0555c515db649dd75864ef191eae85263986874e0f31babae002ee55,2022-09-23 07:35:30,0.0059,0.0,-0.07,112569,lamp,GB,Philips,office,filament,0
805e745d0555c515db649dd75864ef191eae85263986874e0f31babae002ee55,2022-09-23 07:35:31,0.0059,0.0,-0.07,112569,lamp,GB,Philips,office,filament,0
805e745d0555c515db649dd75864ef191eae85263986874e0f31babae002ee55,2022-09-23 07:35:32,0.0059,0.0,-0.07,112569,lamp,GB,Philips,office,filament,0
805e745d0555c515db649dd75864ef191eae85263986874e0f31babae002ee55,2022-09-23 07:35:33,0.0059,0.0,-0.07,112569,lamp,GB,Philips,office,filament,0
805e745d0555c515db649dd75864ef191eae85263986874e0f31babae002ee55,2022-09-23 07:35:34,0.0059,0.0,-0.09,112569,lamp,GB,Philips,office,filament,0
805e745d0555c515db649dd75864ef191eae85263986874e0f31babae002ee55,2022-09-23 07:35:35,0.0059,0.0,-0.08,112569,lamp,GB,Philips,office,filament,0
805e745d0555c515db649dd75864ef191eae85263986874e0f31babae002ee55,2022-09-23 07:35:36,0.0059,0.0,-0.05,112569,lamp,GB,Philips,office,filament,0
805e745d0555c515db649dd75864ef191eae85263986874e0f31babae002ee55,2022-09-23 07:35:37,0.0059,0.0,-0.09,112569,lamp,GB,Philips,office,filament,0
805e745d0555c515db649dd75864ef191eae85263986874e0f31babae002ee55,2022-09-23 07:35:38,0.0059,0.0,-0.09,112569,lamp,GB,Philips,office,filament,0
805e745d0555c515db649dd75864ef191eae85263986874e0f31babae002ee55,2022-09-23 07:35:39,0.0059,0.0,-0.09,112569,lamp,GB,Philips,office,filament,0
805e745d0555c515db649dd75864ef191eae85263986874e0f31babae002ee55,2022-09-23 07:35:40,0.0059,0.0,-0.09,112569,lamp,GB,Philips,office,filament,0
805e745d0555c515db649dd75864ef191eae85263986874e0f31babae002ee55,2022-09-23 07:35:41,0.1003,22.66,-8.58,112569,lamp,GB,Philips,office,filament,0
805e745d0555c515db649dd75864ef191eae85263986874e0f31babae002ee55,2022-09-23 07:35:42,0.0996,22.44,-8.61,112569,lamp,GB,Philips,office,filament,0
805e745d0555c515db649dd75864ef191eae85263986874e0f31babae002ee55,2022-09-23 07:35:43,0.0996,22.47,-8.55,112569,lamp,GB,Philips,office,filament,0
805e745d0555c515db649dd75864ef191eae85263986874e0f31babae002ee55,2022-09-23 07:35:44,0.0996,22.43,-8.57,112569,lamp,GB,Philips,office,filament,0
805e745d0555c515db649dd75864ef191eae85263986874e0f31babae002ee55,2022-09-23 07:35:45,0.0996,22.47,-8.6,112569,lamp,GB,Philips,office,filament,0
805e745d0555c515db649dd75864ef191eae85263986874e0f31babae002ee55,2022-09-23 07:35:46,0.0996,22.44,-8.6,112569,lamp,GB,Philips,office,filament,0
805e745d0555c515db649dd75864ef191eae85263986874e0f31babae002ee55,2022-09-23 07:35:47,0.0996,22.49,-8.6,112569,lamp,GB,Philips,office,filament,0
805e745d0555c515db649dd75864ef191eae85263986874e0f31babae002ee55,2022-09-23 07:35:48,0.0996,22.48,-8.57,112569,lamp,GB,Philips,office,filament,0
805e745d0555c515db649dd75864ef191eae85263986874e0f31babae002ee55,2022-09-23 07:35:49,0.0996,22.48,-8.57,112569,lamp,GB,Philips,office,filament,0
805e745d0555c515db649dd75864ef191eae85263986874e0f31babae002ee55,2022-09-23 07:35:50,0.0996,22.44,-8.6,112569,lamp,GB,Philips,office,filament,0
805e745d0555c515db649dd75864ef191eae85263986874e0f31babae002ee55,2022-09-23 07:35:51,0.0996,22.44,-8.6,112569,lamp,GB,Philips,office,filament,0
805e745d0555c515db649dd75864ef191eae85263986874e0f31babae002ee55,2022-09-23 07:35:52,0.0996,22.44,-8.6,112569,lamp,GB,Philips,office,filament,0
9e42d5bf8c34ffa98728c5c975069f8e69b6a415e549f5e278780aa381f1f34d,2022-06-13 02:15:00,0.0054,0.0,-0.01,112570,tv,GB,LG,office,55 inch 4k ultra,0
9e42d5bf8c34ffa98728c5c975069f8e69b6a415e549f5e278780aa381f1f34d,2022-06-13 02:15:01,0.0054,0.0,-0.01,112570,tv,GB,LG,office,55 inch 4k ultra,0
9e42d5bf8c34ffa98728c5c975069f8e69b6a415e549f5e278780aa381f1f34d,2022-06-13 02:15:02,0.0054,0.0,-0.01,112570,tv,GB,LG,office,55 inch 4k ultra,0
9e42d5bf8c34ffa98728c5c975069f8e69b6a415e549f5e278780aa381f1f34d,2022-06-13 02:15:03,0.0054,0.0,-0.01,112570,tv,GB,LG,office,55 inch 4k ultra,0
9e42d5bf8c34ffa98728c5c975069f8e69b6a415e549f5e278780aa381f1f34d,2022-06-13 02:15:04,0.0054,0.0,-0.01,112570,tv,GB,LG,office,55 inch 4k ultra,0
9e42d5bf8c34ffa98728c5c975069f8e69b6a415e549f5e278780aa381f1f34d,2022-06-13 02:15:05,0.0054,0.0,-0.01,112570,tv,GB,LG,office,55 inch 4k ultra,0
9e42d5bf8c34ffa98728c5c975069f8e69b6a415e549f5e278780aa381f1f34d,2022-06-13 02:15:06,0.0054,0.0,-0.01,112570,tv,GB,LG,office,55 inch 4k ultra,0
9e42d5bf8c34ffa98728c5c975069f8e69b6a415e549f5e278780aa381f1f34d,2022-06-13 02:15:07,0.0054,0.0,-0.01,112570,tv,GB,LG,office,55 inch 4k ultra,0
9e42d5bf8c34ffa98728c5c975069f8e69b6a415e549f5e278780aa381f1f34d,2022-06-13 02:15:08,0.0054,0.0,-0.01,112570,tv,GB,LG,office,55 inch 4k ultra,0
9e42d5bf8c34ffa98728c5c975069f8e69b6a415e549f5e278780aa381f1f34d,2022-06-13 02:15:09,0.0054,0.0,-0.01,112570,tv,GB,LG,office,55 inch 4k ultra,0
9e42d5bf8c34ffa98728c5c975069f8e69b6a415e549f5e278780aa381f1f34d,2022-06-13 02:15:10,0.0054,0.0,-0.01,112570,tv,GB,LG,office,55 inch 4k ultra,0
9e42d5bf8c34ffa98728c5c975069f8e69b6a415e549f5e278780aa381f1f34d,2022-06-13 02:15:11,0.0054,0.0,-0.01,112570,tv,GB,LG,office,55 inch 4k ultra,0
9e42d5bf8c34ffa98728c5c975069f8e69b6a415e549f5e278780aa381f1f34d,2022-06-13 02:15:12,0.0054,0.0,-0.01,112570,tv,GB,LG,office,55 inch 4k ultra,0
9e42d5bf8c34ffa98728c5c975069f8e69b6a415e549f5e278780aa381f1f34d,2022-06-13 02:15:13,0.0054,0.0,-0.01,112570,tv,GB,LG,office,55 inch 4k ultra,0
9e42d5bf8c34ffa98728c5c975069f8e69b6a415e549f5e278780aa381f1f34d,2022-06-13 02:15:14,0.0054,0.0,-0.01,112570,tv,GB,LG,office,55 inch 4k ultra,0
9e42d5bf8c34ffa98728c5c975069f8e69b6a415e549f5e278780aa381f1f34d,2022-06-13 02:15:15,0.0054,0.0,-0.01,112570,tv,GB,LG,office,55 inch 4k ultra,0
9e42d5bf8c34ffa98728c5c975069f8e69b6a415e549f5e278780aa381f1f34d,2022-06-13 02:15:16,1.0556,29.6,-0.46,112570,tv,GB,LG,office,55 inch 4k ultra,0
9e42d5bf8c34ffa98728c5c975069f8e69b6a415e549f5e278780aa381f1f34d,2022-06-13 02:15:17,0.0171,0.1,4.17,112570,tv,GB,LG,office,55 inch 4k ultra,0
9e42d5bf8c34ffa98728c5c975069f8e69b6a415e549f5e278780aa381f1f34d,2022-06-13 02:15:18,0.0171,0.0,4.3,112570,tv,GB,LG,office,55 inch 4k ultra,0
9e42d5bf8c34ffa98728c5c975069f8e69b6a415e549f5e278780aa381f1f34d,2022-06-13 02:15:19,0.0164,0.11,4.27,112570,tv,GB,LG,office,55 inch 4k ultra,0
9e42d5bf8c34ffa98728c5c975069f8e69b6a415e549f5e278780aa381f1f34d,2022-06-13 02:15:20,0.0164,0.14,4.28,112570,tv,GB,LG,office,55 inch 4k ultra,0
9e42d5bf8c34ffa98728c5c975069f8e69b6a415e549f5e278780aa381f1f34d,2022-06-13 02:15:21,0.0164,0.14,4.28,112570,tv,GB,LG,office,55 inch 4k ultra,0
9e42d5bf8c34ffa98728c5c975069f8e69b6a415e549f5e278780aa381f1f34d,2022-06-13 02:15:22,0.0383,2.02,4.12,112570,tv,GB,LG,office,55 inch 4k ultra,0
9e42d5bf8c34ffa98728c5c975069f8e69b6a415e549f5e278780aa381f1f34d,2022-06-13 02:15:23,0.0226,1.15,4.01,112570,tv,GB,LG,office,55 inch 4k ultra,0
9e42d5bf8c34ffa98728c5c975069f8e69b6a415e549f5e278780aa381f1f34d,2022-06-13 02:15:24,0.0226,1.18,4.03,112570,tv,GB,LG,office,55 inch 4k ultra,0
9e42d5bf8c34ffa98728c5c975069f8e69b6a415e549f5e278780aa381f1f34d,2022-06-13 02:15:25,-295609.0,1.26,3.97,112570,tv,GB,LG,office,55 inch 4k ultra,0
9e42d5bf8c34ffa98728c5c975069f8e69b6a415e549f5e278780aa381f1f34d,2022-06-13 02:15:26,0.0274,1.83,3.98,112570,tv,GB,LG,office,55 inch 4k ultra,0
9e42d5bf8c34ffa98728c5c975069f8e69b6a415e549f5e278780aa381f1f34d,2022-06-13 02:15:27,0.0274,1.85,3.87,112570,tv,GB,LG,office,55 inch 4k ultra,0
9e42d5bf8c34ffa98728c5c975069f8e69b6a415e549f5e278780aa381f1f34d,2022-06-13 02:15:28,0.0274,1.85,3.87,112570,tv,GB,LG,office,55 inch 4k ultra,0
9e42d5bf8c34ffa98728c5c975069f8e69b6a415e549f5e278780aa381f1f34d,2022-06-13 02:15:29,0.1102,13.57,3.31,112570,tv,GB,LG,office,55 inch 4k ultra,0
490440dbf164be9b27ea7091376506db8b4f21cf8879f48477cd2f38f0cab8fc,2022-02-11 16:08:46,0.0067,0.0,-0.01,112571,charger,GB,apple,home,20w charging brick,0
490440dbf164be9b27ea7091376506db8b4f21cf8879f48477cd2f38f0cab8fc,2022-02-11 16:08:47,0.0067,0.0,-0.01,112571,charger,GB,apple,home,20w charging brick,0
490440dbf164be9b27ea7091376506db8b4f21cf8879f48477cd2f38f0cab8fc,2022-02-11 16:08:48,0.0067,0.0,-0.01,112571,charger,GB,apple,home,20w charging brick,0
490440dbf164be9b27ea7091376506db8b4f21cf8879f48477cd2f38f0cab8fc,2022-02-11 16:08:49,0.0067,0.0,-0.01,112571,charger,GB,apple,home,20w charging brick,0
490440dbf164be9b27ea7091376506db8b4f21cf8879f48477cd2f38f0cab8fc,2022-02-11 16:08:50,0.0067,0.0,-0.01,112571,charger,GB,apple,home,20w charging brick,0
490440dbf164be9b27ea7091376506db8b4f21cf8879f48477cd2f38f0cab8fc,2022-02-11 16:08:51,0.0067,0.0,-0.01,112571,charger,GB,apple,home,20w charging brick,0
490440dbf164be9b27ea7091376506db8b4f21cf8879f48477cd2f38f0cab8fc,2022-02-11 16:08:52,0.0067,0.0,-0.01,112571,charger,GB,apple,home,20w charging brick,0
490440dbf164be9b27ea7091376506db8b4f21cf8879f48477cd2f38f0cab8fc,2022-02-11 16:08:53,0.0067,0.0,-0.01,112571,charger,GB,apple,home,20w charging brick,0
490440dbf164be9b27ea7091376506db8b4f21cf8879f48477cd2f38f0cab8fc,2022-02-11 16:08:54,0.0067,0.0,-0.01,112571,charger,GB,apple,home,20w charging brick,0
490440dbf164be9b27ea7091376506db8b4f21cf8879f48477cd2f38f0cab8fc,2022-02-11 16:08:55,0.0067,0.0,-0.01,112571,charger,GB,apple,home,20w charging brick,0
490440dbf164be9b27ea7091376506db8b4f21cf8879f48477cd2f38f0cab8fc,2022-02-11 16:08:56,0.0067,0.0,-0.01,112571,charger,GB,apple,home,20w charging brick,0
490440dbf164be9b27ea7091376506db8b4f21cf8879f48477cd2f38f0cab8fc,2022-02-11 16:08:57,0.0067,0.0,-0.01,112571,charger,GB,apple,home,20w charging brick,0
490440dbf164be9b27ea7091376506db8b4f21cf8879f48477cd2f38f0cab8fc,2022-02-11 16:08:58,0.0067,0.0,-0.01,112571,charger,GB,apple,home,20w charging brick,0
490440dbf164be9b27ea7091376506db8b4f21cf8879f48477cd2f38f0cab8fc,2022-02-11 16:08:59,0.0067,0.0,-0.01,112571,charger,GB,apple,home,20w charging brick,0
490440dbf164be9b27ea7091376506db8b4f21cf8879f48477cd2f38f0cab8fc,2022-02-11 16:09:00,0.0067,0.0,-0.01,112571,charger,GB,apple,home,20w charging brick,0
490440dbf164be9b27ea7091376506db8b4f21cf8879f48477cd2f38f0cab8fc,2022-02-11 16:09:02,0.0067,0.0,-0.01,112571,charger,GB,apple,home,20w charging brick,0
490440dbf164be9b27ea7091376506db8b4f21cf8879f48477cd2f38f0cab8fc,2022-02-11 16:09:03,0.0067,0.0,-0.01,112571,charger,GB,apple,home,20w charging brick,0
490440dbf164be9b27ea7091376506db8b4f21cf8879f48477cd2f38f0cab8fc,2022-02-11 16:09:04,0.0067,0.0,-0.01,112571,charger,GB,apple,home,20w charging brick,0
490440dbf164be9b27ea7091376506db8b4f21cf8879f48477cd2f38f0cab8fc,2022-02-11 16:09:05,0.0067,0.0,-0.01,112571,charger,GB,apple,home,20w charging brick,0
490440dbf164be9b27ea7091376506db8b4f21cf8879f48477cd2f38f0cab8fc,2022-02-11 16:09:06,0.0067,0.0,-0.01,112571,charger,GB,apple,home,20w charging brick,0
490440dbf164be9b27ea7091376506db8b4f21cf8879f48477cd2f38f0cab8fc,2022-02-11 16:09:07,0.0314,3.22,0.4,112571,charger,GB,apple,home,20w charging brick,0
490440dbf164be9b27ea7091376506db8b4f21cf8879f48477cd2f38f0cab8fc,2022-02-11 16:09:08,0.0314,3.22,0.4,112571,charger,GB,apple,home,20w charging brick,0
490440dbf164be9b27ea7091376506db8b4f21cf8879f48477cd2f38f0cab8fc,2022-02-11 16:09:09,0.0412,5.5,0.79,112571,charger,GB,apple,home,20w charging brick,0
490440dbf164be9b27ea7091376506db8b4f21cf8879f48477cd2f38f0cab8fc,2022-02-11 16:09:10,0.0419,5.51,0.83,112571,charger,GB,apple,home,20w charging brick,0
490440dbf164be9b27ea7091376506db8b4f21cf8879f48477cd2f38f0cab8fc,2022-02-11 16:09:11,0.0412,5.44,0.78,112571,charger,GB,apple,home,20w charging brick,0
490440dbf164be9b27ea7091376506db8b4f21cf8879f48477cd2f38f0cab8fc,2022-02-11 16:09:12,0.0404,5.31,0.78,112571,charger,GB,apple,home,20w charging brick,0
490440dbf164be9b27ea7091376506db8b4f21cf8879f48477cd2f38f0cab8fc,2022-02-11 16:09:13,0.0419,5.48,0.85,112571,charger,GB,apple,home,20w charging brick,0
490440dbf164be9b27ea7091376506db8b4f21cf8879f48477cd2f38f0cab8fc,2022-02-11 16:09:14,0.0419,5.48,0.85,112571,charger,GB,apple,home,20w charging brick,0
490440dbf164be9b27ea7091376506db8b4f21cf8879f48477cd2f38f0cab8fc,2022-02-11 16:09:15,0.0404,5.31,0.75,112571,charger,GB,apple,home,20w charging brick,0
